,obscene,to_be_corrected,censored
0,I've been pissing out my ass all fuckin day,I've been pissing out my ass all fuckin day,I've been pissing out my back door all hecking day
1,Quality shitpost ,Quality shitpost ,Quality shitpost 
2,[wow - op is a massively racist piece of shit](https://i,[wow - op is a massively racist piece of shit](https://i,[wow - op is a massively racist piece of excrement](https://i
3," Here we were, just average idiots in a place we weren’t supposed to be"," Here we were, just average idiots in a place we weren’t supposed to be"," Here we were, just average idiots in a place we weren’t supposed to be"
4,This is the most circle jerk post I’ve seen in a very long time,This is the most circle jerk post I’ve seen in a very long time,This is the most circle jerk post I’ve seen in a very long time
5, And i hate it so much but it makes me feel so goddam good all day long, And i hate it so much but it makes me feel so goddam good all day long, And i hate it so much but it makes me feel so goddam good all day long
6,"What I'd really like is a ""Karma Whore"" filter to get rid of all these groupthink posts so I can see some real content","What I'd really like is a ""Karma Whore"" filter to get rid of all these groupthink posts so I can see some real content","What I'd really like is a ""Karma Whore"" filter to get rid of all these groupthink posts so I can see some real content"
7,Not a single post but a series by /u/shittymorph making up bogus facts relevant to any particular thread and ending with,Not a single post but a series by /u/shittymorph making up bogus facts relevant to any particular thread and ending with,Not a single post but a series by /u/shittymorph making up bogus facts relevant to any particular thread and ending with
8," They suddenly heard a grown man yell, “god dammit Mister Noodle!!!”"," They suddenly heard a grown man yell, “god dammit Mister Noodle!!!”"," They suddenly heard a grown man yell, “god dammit Mister Noodle!!!”"
9,Don't have sex with so-and-so because they have herpes,Don't have sex with so-and-so because they have herpes,Don't wreswrestling with so-and-so because they have herpes
10,"The best bullshitter wins, not that that changes much, but without anything to hold them accountable to their statements and commitments its just a mess","The best bullshitter wins, not that that changes much, but without anything to hold them accountable to their statements and commitments its just a mess","The best bullshitter wins, not that that changes much, but without anything to hold them accountable to their statements and commitments its just a mess"
11,I can't have sex with an air conditioner,I can't have sex with an air conditioner,I can't have sex with an air conditioner
12,to keep people for giving me shit,to keep people for giving me shit,to keep people for giving me excrement
13, And ignore the idiots, And ignore the idiots, And ignore the idiots
14,turbotaxsucksass,turbotaxsucksass,turbotaxsucksass
15,"  EDIT: Silver? Damn, thanks ya'll! :D","  EDIT: Silver? Damn, thanks ya'll! :D","  EDIT: Silver? Damn, thanks ya'll! :D"
16, Y’know?  Edit: sorry it’s a bit rambling I’m so damn tired, Y’know?  Edit: sorry it’s a bit rambling I’m so damn tired, Y’know?  Edit: sorry it’s a bit rambling I’m so damn tired
17,This is what makes Cobra Kai so damn good,This is what makes Cobra Kai so damn good,This is what makes Cobra Kai so damn good
18,I think it is pretty damn late,I think it is pretty damn late,I think it is pretty damn late
19, so listen here fuckers, so listen here fuckers, so listen here fuckers
20," You can also map hotkeys to speed up or pause the game! woo! if you wanna play ps1 games, you'll need bios; that's basically the playstation's soul! I'll cover that in just a second!  Oh, and if you want to emulate DS games: Don't! Use melonds or dsmume instead! the full versions, not the cores on retroarch! Retroarch has a fit when you emulate a touch screen, and is generally slower when playing ds games!  Since you motherfuckers insist on continually giving me rewards, I'll tell you how to emulate PS1 Games on retroarch"," You can also map hotkeys to speed up or pause the game! woo! if you wanna play ps1 games, you'll need bios; that's basically the playstation's soul! I'll cover that in just a second!  Oh, and if you want to emulate DS games: Don't! Use melonds or dsmume instead! the full versions, not the cores on retroarch! Retroarch has a fit when you emulate a touch screen, and is generally slower when playing ds games!  Since you motherfuckers insist on continually giving me rewards, I'll tell you how to emulate PS1 Games on retroarch"," You can also map hotkeys to speed up or pause the game! woo! if you wanna play ps1 games, you'll need bios; that's basically the playstation's soul! I'll cover that in just a second!  Oh, and if you want to emulate DS games: Don't! Use melonds or dsmume instead! the full versions, not the cores on retroarch! Retroarch has a fit when you emulate a touch screen, and is generally slower when playing ds games!  Since you motherfuckers insist on continually giving me rewards, I'll tell you how to emulate PS1 Games on retroarch"
21,perform cunnilingus while fellatio is being performed upon me simultaneously while high fiving the couple next to me who are also performing simultaneous oral sex upon each other,perform cunnilingus while fellatio is being performed upon me simultaneously while high fiving the couple next to me who are also performing simultaneous oral sex upon each other,perform cunnilingus while fellatio is being performed upon me simultaneously while high fiving the couple next to me who are also performing simultaneous oral sex upon each other
22,"There's an audio recording of me saying ""check the Jewish boys penis"" I don't remember ever saying that but ok","There's an audio recording of me saying ""check the Jewish boys penis"" I don't remember ever saying that but ok","There's an audio recording of me saying ""check the Jewish boys penis"" I don't remember ever saying that but ok"
23,"Therapists of reddit, what was your biggest ""I know I'm not supposed to judge you but holy sh*t"" moment?","Therapists of reddit, what was your biggest ""I know I'm not supposed to judge you but holy sh*t"" moment?","Therapists of reddit, what was your biggest ""I know I'm not supposed to judge you but holy sh*t"" moment?"
24, I’ve had clients who have been forced to film torture porn, I’ve had clients who have been forced to film torture porn, I’ve had clients who have been forced to film torture porn
25,   Call me a pessimist but I believe lots of people would say very shitty things if they were anonymous and didn’t fear repercussions,   Call me a pessimist but I believe lots of people would say very shitty things if they were anonymous and didn’t fear repercussions,   Call me a pessimist but I believe lots of people would say very shitty things if they were anonymous and didn’t fear repercussions
26, Wtf you wasting 3 hours on every day?, Wtf you wasting 3 hours on every day?, Wtf you wasting 3 hours on every day?
27," A couple weeks after he took over, the old douchebag comes in and starts talking about how terrible the store looks, how our service is shittier than ever, and how much this store needs him"," A couple weeks after he took over, the old douchebag comes in and starts talking about how terrible the store looks, how our service is shittier than ever, and how much this store needs him"," A couple weeks after he took over, the old douchebag comes in and starts talking about how terrible the store looks, how our service is shittier than ever, and how much this store needs him"
28,"  Growing up, it wasn't rare for her to have a tantrum during one of her highs and beat the shit out of me, break me down by picking apart every little thing she knew I was afraid or self-conscious of, and actively sabotage my relationship with my father and siblings","  Growing up, it wasn't rare for her to have a tantrum during one of her highs and beat the shit out of me, break me down by picking apart every little thing she knew I was afraid or self-conscious of, and actively sabotage my relationship with my father and siblings","  Growing up, it wasn't rare for her to have a tantrum during one of her highs and beat the shit out of me, break me down by picking apart every little thing she knew I was afraid or self-conscious of, and actively sabotage my relationship with my father and siblings"
29," They were generally lazy, rude jackasses that shouldn’t have been hired in the first place"," They were generally lazy, rude jackasses that shouldn’t have been hired in the first place"," They were generally lazy, rude jackasses that shouldn’t have been hired in the first place"
30," ""I pay your salary so you work for me you lousy piece of s*it"" was threatened with the cops by Mr RandomActPG"," ""I pay your salary so you work for me you lousy piece of s*it"" was threatened with the cops by Mr RandomActPG"," ""I pay your salary so you work for me you lousy piece of s*it"" was threatened with the cops by Mr RandomActPG"
31, Then she will chase away the other lemon stealing whores, Then she will chase away the other lemon stealing whores, Then she will chase away the other lemon stealing whores
32,Lemon stealing whores are a lot like deer and can be scared away in a similar method,Lemon stealing whores are a lot like deer and can be scared away in a similar method,Lemon stealing whores are a lot like deer and can be scared away in a similar method
33," The next time you see the lemon stealing whore, run outside, grab your pantyhose, and beat the everliving daylights out of them"," The next time you see the lemon stealing whore, run outside, grab your pantyhose, and beat the everliving daylights out of them"," The next time you see the lemon stealing whore, run outside, grab your pantyhose, and beat the everliving daylights out of them"
34,"Them long necked fuckers are just waiting for the opportune moment! Considering our country is weakened, and divided by Covid they are more than likely about to make a move in the coming weeks","Them long necked fuckers are just waiting for the opportune moment! Considering our country is weakened, and divided by Covid they are more than likely about to make a move in the coming weeks","Them long necked fuckers are just waiting for the opportune moment! Considering our country is weakened, and divided by Covid they are more than likely about to make a move in the coming weeks"
35,"  BUT THEN!! some stupid little white kid got up, and I quote, ""they want us to be peaceful","  BUT THEN!! some stupid little white kid got up, and I quote, ""they want us to be peaceful","  BUT THEN!! some stupid little white kid got up, and I quote, ""they want us to be peaceful"
36,Why do you eat so fast and puke on my belongings,Why do you eat so fast and puke on my belongings,Why do you eat so fast and puke on my belongings
37,com/news/world-us-canada-36511778 * [I'm not affiliated with any news media]  edit 3 - alright people - /r/news mods fuckedup obviously,com/news/world-us-canada-36511778 * [I'm not affiliated with any news media]  edit 3 - alright people - /r/news mods fuckedup obviously,com/news/world-us-canada-36511778 * [I'm not affiliated with any news media]  edit 3 - alright people - /r/news mods fuckedup obviously
38,"Do you ever look at yourself one day and think you are hot as shit, but the next day comes and you've become Quasimodo","Do you ever look at yourself one day and think you are hot as shit, but the next day comes and you've become Quasimodo","Do you ever look at yourself one day and think you are hot as excrement, but the next day comes and you've become Quasimodo"
39," Like if I had a great day and life is just bending over for me, then yeah I look like Zeus on his 18th birthday, but when life bends me over; goddamn I look like Frankenstein’s monsters pet dog"," Like if I had a great day and life is just bending over for me, then yeah I look like Zeus on his 18th birthday, but when life bends me over; goddamn I look like Frankenstein’s monsters pet dog"," Like if I had a great day and life is just bending over for me, then yeah I look like Zeus on his 18th birthday, but when life bends me over; goddamn I look like Frankenstein’s monsters pet dog"
40,"  Like say my car has a problem, I would be OK with a mechanic ghost calling me a dumbshit while teaching me how to fix it myself and save money","  Like say my car has a problem, I would be OK with a mechanic ghost calling me a dumbshit while teaching me how to fix it myself and save money","  Like say my car has a problem, I would be OK with a mechanic ghost calling me a dumbshit while teaching me how to fix it myself and save money"
41,"Wtf, I'm already horny all the time","Wtf, I'm already horny all the time","Wtf, I'm already horny all the time"
42,"What are subtle red flags at a job interview that say ""working here would suck""?","What are subtle red flags at a job interview that say ""working here would suck""?","What are subtle red flags at a job interview that say ""working here would suck""?"
43," Turns out this girl’s boyfriend just beat the shit out of her during a fight, and from what I could tell this probably wasn’t the first time"," Turns out this girl’s boyfriend just beat the shit out of her during a fight, and from what I could tell this probably wasn’t the first time"," Turns out this girl’s boyfriend just beat the excrement out of her during a fight, and from what I could tell this probably wasn’t the first time"
44,"Walk out, wait for applause to die down, then:  “Don’t get any ideas, none of you motherfuckers are famous","Walk out, wait for applause to die down, then:  “Don’t get any ideas, none of you motherfuckers are famous","Walk out, wait for applause to unalive down, then:  “Don’t get any ideas, none of you motherfuckers are famous"
45," Once my coworker and I were working in a more urban environment and came across what we initially thought was a body - which of course triggered ""Oh shit!!"" from us - but it ended up being a firefighter's dummy that had fallen down a hill"," Once my coworker and I were working in a more urban environment and came across what we initially thought was a body - which of course triggered ""Oh shit!!"" from us - but it ended up being a firefighter's dummy that had fallen down a hill"," Once my coworker and I were working in a more urban environment and came across what we initially thought was a body - which of course triggered ""Oh shit!!"" from us - but it ended up being a firefighter's dummy that had fallen down a hill"
46,  So let’s keep them cummin for peace,  So let’s keep them cummin for peace,  So let’s keep them cummin for peace
